version,threads,run,pi,error,time_s
e1,1,1,3.1415096000,8.3053589793e-05,
e1,1,2,3.1415096000,8.3053589793e-05,
e1,1,3,3.1415096000,8.3053589793e-05,
e1,1,4,3.1415096000,8.3053589793e-05,
e1,1,5,3.1415096000,8.3053589793e-05,
e1,1,6,3.1415096000,8.3053589793e-05,
e1,1,7,3.1415096000,8.3053589793e-05,
e1,1,8,3.1415096000,8.3053589793e-05,
e1,1,9,3.1415096000,8.3053589793e-05,
e1,1,10,3.1415096000,8.3053589793e-05,
e2,1,1,3.1415096000,8.3053589793e-05,0.095163994
e2,1,2,3.1415096000,8.3053589793e-05,0.097665750
e2,1,3,3.1415096000,8.3053589793e-05,0.098151058
e2,1,4,3.1415096000,8.3053589793e-05,0.096031915
e2,1,5,3.1415096000,8.3053589793e-05,0.096031617
e2,1,6,3.1415096000,8.3053589793e-05,0.095015397
e2,1,7,3.1415096000,8.3053589793e-05,0.096464106
e2,1,8,3.1415096000,8.3053589793e-05,0.095012980
e2,1,9,3.1415096000,8.3053589793e-05,0.095912713
e2,1,10,3.1415096000,8.3053589793e-05,0.096497067
e3,1,1,3.1414512000,1.4145358979e-04,0.056496935
e3,1,2,3.1414512000,1.4145358979e-04,0.054824894
e3,1,3,3.1414512000,1.4145358979e-04,0.055750984
e3,1,4,3.1414512000,1.4145358979e-04,0.054867476
e3,1,5,3.1414512000,1.4145358979e-04,0.056266357
e3,1,6,3.1414512000,1.4145358979e-04,0.055474096
e3,1,7,3.1414512000,1.4145358979e-04,0.055017665
e3,1,8,3.1414512000,1.4145358979e-04,0.055333515
e3,1,9,3.1414512000,1.4145358979e-04,0.056044127
e3,1,10,3.1414512000,1.4145358979e-04,0.056166218
e1,2,1,2.1918832000,9.4970945359e-01,
e1,2,2,1.9662176000,1.1753750536e+00,
e1,2,3,2.2132056000,9.2838705359e-01,
e1,2,4,1.8089600000,1.3326326536e+00,
e1,2,5,2.2215192000,9.2007345359e-01,
e1,2,6,2.0357776000,1.1058150536e+00,
e1,2,7,1.8840480000,1.2575446536e+00,
e1,2,8,2.2108624000,9.3073025359e-01,
e1,2,9,2.1314488000,1.0101438536e+00,
e1,2,10,1.9768992000,1.1646934536e+00,
e2,2,1,3.1415096000,8.3053589793e-05,0.346072002
e2,2,2,3.1415096000,8.3053589793e-05,0.327399917
e2,2,3,3.1415096000,8.3053589793e-05,0.320807479
e2,2,4,3.1415096000,8.3053589793e-05,0.315443457
e2,2,5,3.1415096000,8.3053589793e-05,0.288254615
e2,2,6,3.1415096000,8.3053589793e-05,0.298834844
e2,2,7,3.1415096000,8.3053589793e-05,0.327128052
e2,2,8,3.1415096000,8.3053589793e-05,0.307461342
e2,2,9,3.1415096000,8.3053589793e-05,0.343920566
e2,2,10,3.1415096000,8.3053589793e-05,0.287641059
e3,2,1,3.1419952000,4.0254641021e-04,0.028357996
e3,2,2,3.1419952000,4.0254641021e-04,0.027401370
e3,2,3,3.1419952000,4.0254641021e-04,0.027540256
e3,2,4,3.1419952000,4.0254641021e-04,0.027506409
e3,2,5,3.1419952000,4.0254641021e-04,0.027562605
e3,2,6,3.1419952000,4.0254641021e-04,0.027253682
e3,2,7,3.1419952000,4.0254641021e-04,0.027501613
e3,2,8,3.1419952000,4.0254641021e-04,0.027497951
e3,2,9,3.1419952000,4.0254641021e-04,0.028087284
e3,2,10,3.1419952000,4.0254641021e-04,0.028474367
e1,3,1,1.3684240000,1.7731686536e+00,
e1,3,2,0.9973912000,2.1442014536e+00,
e1,3,3,1.3672168000,1.7743758536e+00,
e1,3,4,1.3548872000,1.7867054536e+00,
e1,3,5,1.3853656000,1.7562270536e+00,
e1,3,6,1.2156904000,1.9259022536e+00,
e1,3,7,1.2527600000,1.8888326536e+00,
e1,3,8,1.2893192000,1.8522734536e+00,
e1,3,9,1.1971144000,1.9444782536e+00,
e1,3,10,1.0945496000,2.0470430536e+00,
e2,3,1,3.1415096000,8.3053589793e-05,0.422011636
e2,3,2,3.1415096000,8.3053589793e-05,0.517488159
e2,3,3,3.1415096000,8.3053589793e-05,0.473085399
e2,3,4,3.1415096000,8.3053589793e-05,0.533637917
e2,3,5,3.1415096000,8.3053589793e-05,0.449309120
e2,3,6,3.1415096000,8.3053589793e-05,0.453193313
e2,3,7,3.1415096000,8.3053589793e-05,0.542006925
e2,3,8,3.1415096000,8.3053589793e-05,0.449499197
e2,3,9,3.1415096000,8.3053589793e-05,0.433105554
e2,3,10,3.1415096000,8.3053589793e-05,0.525853285
e3,3,1,3.1416584000,6.5746410207e-05,0.019016351
e3,3,2,3.1416584000,6.5746410207e-05,0.018622148
e3,3,3,3.1416584000,6.5746410207e-05,0.018813894
e3,3,4,3.1416584000,6.5746410207e-05,0.018722691
e3,3,5,3.1416584000,6.5746410207e-05,0.018825624
e3,3,6,3.1416584000,6.5746410207e-05,0.018933911
e3,3,7,3.1416584000,6.5746410207e-05,0.018719186
e3,3,8,3.1416584000,6.5746410207e-05,0.018768428
e3,3,9,3.1416584000,6.5746410207e-05,0.018642662
e3,3,10,3.1416584000,6.5746410207e-05,0.018789062
e1,4,1,0.8882976000,2.2532950536e+00,
e1,4,2,0.9459056000,2.1956870536e+00,
e1,4,3,0.9200824000,2.2215102536e+00,
e1,4,4,0.7157944000,2.4257982536e+00,
e1,4,5,0.9235392000,2.2180534536e+00,
e1,4,6,0.9969992000,2.1445934536e+00,
e1,4,7,1.0165576000,2.1250350536e+00,
e1,4,8,1.0003816000,2.1412110536e+00,
e1,4,9,0.8493160000,2.2922766536e+00,
e1,4,10,0.8760424000,2.2655502536e+00,
e2,4,1,3.1415096000,8.3053589793e-05,0.527809424
e2,4,2,3.1415096000,8.3053589793e-05,0.607886562
e2,4,3,3.1415096000,8.3053589793e-05,0.504887129
e2,4,4,3.1415096000,8.3053589793e-05,0.530131275
e2,4,5,3.1415096000,8.3053589793e-05,0.541407049
e2,4,6,3.1415096000,8.3053589793e-05,0.602978790
e2,4,7,3.1415096000,8.3053589793e-05,0.538881733
e2,4,8,3.1415096000,8.3053589793e-05,0.607983312
e2,4,9,3.1415096000,8.3053589793e-05,0.600187991
e2,4,10,3.1415096000,8.3053589793e-05,0.668884215
e3,4,1,3.1415536000,3.9053589793e-05,0.014609703
e3,4,2,3.1415536000,3.9053589793e-05,0.016690776
e3,4,3,3.1415536000,3.9053589793e-05,0.014227083
e3,4,4,3.1415536000,3.9053589793e-05,0.014238087
e3,4,5,3.1415536000,3.9053589793e-05,0.013750365
e3,4,6,3.1415536000,3.9053589793e-05,0.015583468
e3,4,7,3.1415536000,3.9053589793e-05,0.014445713
e3,4,8,3.1415536000,3.9053589793e-05,0.013933580
e3,4,9,3.1415536000,3.9053589793e-05,0.013655144
e3,4,10,3.1415536000,3.9053589793e-05,0.014967597
e1,5,1,0.9602776000,2.1813150536e+00,
e1,5,2,0.6032840000,2.5383086536e+00,
e1,5,3,0.7012000000,2.4403926536e+00,
e1,5,4,0.5615520000,2.5800406536e+00,
e1,5,5,0.4687224000,2.6728702536e+00,
e1,5,6,0.4886656000,2.6529270536e+00,
e1,5,7,0.6113872000,2.5302054536e+00,
e1,5,8,0.4949384000,2.6466542536e+00,
e1,5,9,0.7001336000,2.4414590536e+00,
e1,5,10,0.5533112000,2.5882814536e+00,
e2,5,1,3.1415096000,8.3053589793e-05,0.620957110
e2,5,2,3.1415096000,8.3053589793e-05,0.705343117
e2,5,3,3.1415096000,8.3053589793e-05,0.707749488
e2,5,4,3.1415096000,8.3053589793e-05,0.625939813
e2,5,5,3.1415096000,8.3053589793e-05,0.624619968
e2,5,6,3.1415096000,8.3053589793e-05,0.611008671
e2,5,7,3.1415096000,8.3053589793e-05,0.598364660
e2,5,8,3.1415096000,8.3053589793e-05,0.688562310
e2,5,9,3.1415096000,8.3053589793e-05,0.693507361
e2,5,10,3.1415096000,8.3053589793e-05,0.690207705
e3,5,1,3.1416584000,6.5746410207e-05,0.011787512
e3,5,2,3.1416584000,6.5746410207e-05,0.011546257
e3,5,3,3.1416584000,6.5746410207e-05,0.014577279
e3,5,4,3.1416584000,6.5746410207e-05,0.011504848
e3,5,5,3.1416584000,6.5746410207e-05,0.011165866
e3,5,6,3.1416584000,6.5746410207e-05,0.011193514
e3,5,7,3.1416584000,6.5746410207e-05,0.011152031
e3,5,8,3.1416584000,6.5746410207e-05,0.012210186
e3,5,9,3.1416584000,6.5746410207e-05,0.011349849
e3,5,10,3.1416584000,6.5746410207e-05,0.011299237
e1,6,1,0.3855336000,2.7560590536e+00,
e1,6,2,0.7284200000,2.4131726536e+00,
e1,6,3,0.6253136000,2.5162790536e+00,
e1,6,4,0.3909128000,2.7506798536e+00,
e1,6,5,0.4809088000,2.6606838536e+00,
e1,6,6,0.6540024000,2.4875902536e+00,
e1,6,7,0.6005680000,2.5410246536e+00,
e1,6,8,0.8365112000,2.3050814536e+00,
e1,6,9,0.5176120000,2.6239806536e+00,
e1,6,10,0.5531736000,2.5884190536e+00,
e2,6,1,3.1415096000,8.3053589793e-05,0.698658864
e2,6,2,3.1415096000,8.3053589793e-05,0.717339354
e2,6,3,3.1415096000,8.3053589793e-05,0.732254794
e2,6,4,3.1415096000,8.3053589793e-05,0.749358314
e2,6,5,3.1415096000,8.3053589793e-05,0.724992210
e2,6,6,3.1415096000,8.3053589793e-05,0.709812061
e2,6,7,3.1415096000,8.3053589793e-05,0.745901492
e2,6,8,3.1415096000,8.3053589793e-05,0.678261753
e2,6,9,3.1415096000,8.3053589793e-05,0.750553939
e2,6,10,3.1415096000,8.3053589793e-05,0.763039890
e3,6,1,3.1422696000,6.7694641021e-04,0.010653480
e3,6,2,3.1422696000,6.7694641021e-04,0.009587823
e3,6,3,3.1422696000,6.7694641021e-04,0.009727507
e3,6,4,3.1422696000,6.7694641021e-04,0.010808469
e3,6,5,3.1422696000,6.7694641021e-04,0.009738027
e3,6,6,3.1422696000,6.7694641021e-04,0.009467646
e3,6,7,3.1422696000,6.7694641021e-04,0.011634100
e3,6,8,3.1422696000,6.7694641021e-04,0.010167934
e3,6,9,3.1422696000,6.7694641021e-04,0.009700167
e3,6,10,3.1422696000,6.7694641021e-04,0.009607376
e1,7,1,0.5975608000,2.5440318536e+00,
e1,7,2,0.4068136000,2.7347790536e+00,
e1,7,3,0.5667232000,2.5748694536e+00,
e1,7,4,0.5924952000,2.5490974536e+00,
e1,7,5,0.3642928000,2.7772998536e+00,
e1,7,6,0.4627064000,2.6788862536e+00,
e1,7,7,0.4673952000,2.6741974536e+00,
e1,7,8,0.4398688000,2.7017238536e+00,
e1,7,9,0.3326752000,2.8089174536e+00,
e1,7,10,0.5589136000,2.5826790536e+00,
e2,7,1,3.1415096000,8.3053589793e-05,0.745176822
e2,7,2,3.1415096000,8.3053589793e-05,0.890828256
e2,7,3,3.1415096000,8.3053589793e-05,0.839007015
e2,7,4,3.1415096000,8.3053589793e-05,0.790008564
e2,7,5,3.1415096000,8.3053589793e-05,0.753170838
e2,7,6,3.1415096000,8.3053589793e-05,0.734668037
e2,7,7,3.1415096000,8.3053589793e-05,0.892398442
e2,7,8,3.1415096000,8.3053589793e-05,0.898623363
e2,7,9,3.1415096000,8.3053589793e-05,0.854688522
e2,7,10,3.1415096000,8.3053589793e-05,0.786102649
e3,7,1,3.1412936000,2.9905358979e-04,0.008775593
e3,7,2,3.1412936000,2.9905358979e-04,0.011763797
e3,7,3,3.1412936000,2.9905358979e-04,0.012915481
e3,7,4,3.1412936000,2.9905358979e-04,0.011594709
e3,7,5,3.1412936000,2.9905358979e-04,0.009201340
e3,7,6,3.1412936000,2.9905358979e-04,0.010261721
e3,7,7,3.1412936000,2.9905358979e-04,0.011693095
e3,7,8,3.1412936000,2.9905358979e-04,0.010251065
e3,7,9,3.1412936000,2.9905358979e-04,0.010518981
e3,7,10,3.1412936000,2.9905358979e-04,0.009293833
e1,8,1,0.5506096000,2.5909830536e+00,
e1,8,2,0.5066056000,2.6349870536e+00,
e1,8,3,0.3253048000,2.8162878536e+00,
e1,8,4,0.4738712000,2.6677214536e+00,
e1,8,5,0.4713296000,2.6702630536e+00,
e1,8,6,0.5146560000,2.6269366536e+00,
e1,8,7,0.5238696000,2.6177230536e+00,
e1,8,8,0.4211608000,2.7204318536e+00,
e1,8,9,0.3161328000,2.8254598536e+00,
e1,8,10,0.4629736000,2.6786190536e+00,
e2,8,1,3.1415096000,8.3053589793e-05,0.948984109
e2,8,2,3.1415096000,8.3053589793e-05,0.978742603
e2,8,3,3.1415096000,8.3053589793e-05,0.933457990
e2,8,4,3.1415096000,8.3053589793e-05,0.840991325
e2,8,5,3.1415096000,8.3053589793e-05,0.841449526
e2,8,6,3.1415096000,8.3053589793e-05,0.806313617
e2,8,7,3.1415096000,8.3053589793e-05,0.871979044
e2,8,8,3.1415096000,8.3053589793e-05,0.843626375
e2,8,9,3.1415096000,8.3053589793e-05,0.971915306
e2,8,10,3.1415096000,8.3053589793e-05,0.961595992
e3,8,1,3.1410312000,5.6145358979e-04,0.008216634
e3,8,2,3.1410312000,5.6145358979e-04,0.008259553
e3,8,3,3.1410312000,5.6145358979e-04,0.009200879
e3,8,4,3.1410312000,5.6145358979e-04,0.009270825
e3,8,5,3.1410312000,5.6145358979e-04,0.010183027
e3,8,6,3.1410312000,5.6145358979e-04,0.010282609
e3,8,7,3.1410312000,5.6145358979e-04,0.009649068
e3,8,8,3.1410312000,5.6145358979e-04,0.009569886
e3,8,9,3.1410312000,5.6145358979e-04,0.009184496
e3,8,10,3.1410312000,5.6145358979e-04,0.011187809
e1,9,1,0.6404024000,2.5011902536e+00,
e1,9,2,0.4086904000,2.7329022536e+00,
e1,9,3,0.4664224000,2.6751702536e+00,
e1,9,4,0.3789768000,2.7626158536e+00,
e1,9,5,0.4365600000,2.7050326536e+00,
e1,9,6,0.4641920000,2.6774006536e+00,
e1,9,7,0.4989384000,2.6426542536e+00,
e1,9,8,0.2695864000,2.8720062536e+00,
e1,9,9,0.6128848000,2.5287078536e+00,
e1,9,10,0.5829656000,2.5586270536e+00,
e2,9,1,3.1415096000,8.3053589793e-05,0.957597271
e2,9,2,3.1415096000,8.3053589793e-05,1.011610817
e2,9,3,3.1415096000,8.3053589793e-05,1.085697969
e2,9,4,3.1415096000,8.3053589793e-05,0.902272019
e2,9,5,3.1415096000,8.3053589793e-05,0.890665429
e2,9,6,3.1415096000,8.3053589793e-05,0.939175727
e2,9,7,3.1415096000,8.3053589793e-05,1.043456513
e2,9,8,3.1415096000,8.3053589793e-05,0.960941632
e2,9,9,3.1415096000,8.3053589793e-05,0.871688818
e2,9,10,3.1415096000,8.3053589793e-05,1.039265674
e3,9,1,3.1408976000,6.9505358979e-04,0.008250417
e3,9,2,3.1408976000,6.9505358979e-04,0.007772505
e3,9,3,3.1408976000,6.9505358979e-04,0.008085345
e3,9,4,3.1408976000,6.9505358979e-04,0.009625515
e3,9,5,3.1408976000,6.9505358979e-04,0.009577069
e3,9,6,3.1408976000,6.9505358979e-04,0.009618599
e3,9,7,3.1408976000,6.9505358979e-04,0.009906784
e3,9,8,3.1408976000,6.9505358979e-04,0.011314391
e3,9,9,3.1408976000,6.9505358979e-04,0.009287743
e3,9,10,3.1408976000,6.9505358979e-04,0.009337954
e1,10,1,0.7522640000,2.3893286536e+00,
e1,10,2,0.3873208000,2.7542718536e+00,
e1,10,3,0.4657072000,2.6758854536e+00,
e1,10,4,0.2899584000,2.8516342536e+00,
e1,10,5,0.3593184000,2.7822742536e+00,
e1,10,6,0.5171576000,2.6244350536e+00,
e1,10,7,0.6963416000,2.4452510536e+00,
e1,10,8,0.5198504000,2.6217422536e+00,
e1,10,9,0.3366936000,2.8048990536e+00,
e1,10,10,0.4327464000,2.7088462536e+00,
e2,10,1,3.1415096000,8.3053589793e-05,1.037650045
e2,10,2,3.1415096000,8.3053589793e-05,0.989004922
e2,10,3,3.1415096000,8.3053589793e-05,1.020468744
e2,10,4,3.1415096000,8.3053589793e-05,1.117041932
e2,10,5,3.1415096000,8.3053589793e-05,1.048468942
e2,10,6,3.1415096000,8.3053589793e-05,1.097458739
e2,10,7,3.1415096000,8.3053589793e-05,1.052943720
e2,10,8,3.1415096000,8.3053589793e-05,1.084860633
e2,10,9,3.1415096000,8.3053589793e-05,1.077921394
e2,10,10,3.1415096000,8.3053589793e-05,1.101837942
e3,10,1,3.1409880000,6.0465358979e-04,0.007598958
e3,10,2,3.1409880000,6.0465358979e-04,0.009921092
e3,10,3,3.1409880000,6.0465358979e-04,0.008963166
e3,10,4,3.1409880000,6.0465358979e-04,0.009098854
e3,10,5,3.1409880000,6.0465358979e-04,0.009080105
e3,10,6,3.1409880000,6.0465358979e-04,0.009813587
e3,10,7,3.1409880000,6.0465358979e-04,0.009019432
e3,10,8,3.1409880000,6.0465358979e-04,0.009801121
e3,10,9,3.1409880000,6.0465358979e-04,0.008796588
e3,10,10,3.1409880000,6.0465358979e-04,0.009424698
e1,11,1,0.5893904000,2.5522022536e+00,
e1,11,2,0.4058944000,2.7356982536e+00,
e1,11,3,0.5083184000,2.6332742536e+00,
e1,11,4,0.5508424000,2.5907502536e+00,
e1,11,5,0.5763336000,2.5652590536e+00,
e1,11,6,0.3677896000,2.7738030536e+00,
e1,11,7,0.3023880000,2.8392046536e+00,
e1,11,8,0.3647744000,2.7768182536e+00,
e1,11,9,0.3387592000,2.8028334536e+00,
e1,11,10,0.6560936000,2.4854990536e+00,
e2,11,1,3.1415096000,8.3053589793e-05,1.121514572
e2,11,2,3.1415096000,8.3053589793e-05,1.022398738
e2,11,3,3.1415096000,8.3053589793e-05,1.239247336
e2,11,4,3.1415096000,8.3053589793e-05,1.118915857
e2,11,5,3.1415096000,8.3053589793e-05,1.130401075
e2,11,6,3.1415096000,8.3053589793e-05,1.117352134
e2,11,7,3.1415096000,8.3053589793e-05,1.122077290
e2,11,8,3.1415096000,8.3053589793e-05,1.211961198
e2,11,9,3.1415096000,8.3053589793e-05,1.228228006
e2,11,10,3.1415096000,8.3053589793e-05,1.167198733
e3,11,1,3.1409808000,6.1185358979e-04,0.006391756
e3,11,2,3.1409808000,6.1185358979e-04,0.008418603
e3,11,3,3.1409808000,6.1185358979e-04,0.008121812
e3,11,4,3.1409808000,6.1185358979e-04,0.007437365
e3,11,5,3.1409808000,6.1185358979e-04,0.014403880
e3,11,6,3.1409808000,6.1185358979e-04,0.007466654
e3,11,7,3.1409808000,6.1185358979e-04,0.007402668
e3,11,8,3.1409808000,6.1185358979e-04,0.007057372
e3,11,9,3.1409808000,6.1185358979e-04,0.008206708
e3,11,10,3.1409808000,6.1185358979e-04,0.010250839
e1,12,1,0.3085872000,2.8330054536e+00,
e1,12,2,0.6418384000,2.4997542536e+00,
e1,12,3,0.3220160000,2.8195766536e+00,
e1,12,4,0.3629584000,2.7786342536e+00,
e1,12,5,0.3136144000,2.8279782536e+00,
e1,12,6,0.6023768000,2.5392158536e+00,
e1,12,7,0.3565336000,2.7850590536e+00,
e1,12,8,0.2627304000,2.8788622536e+00,
e1,12,9,0.3967200000,2.7448726536e+00,
e1,12,10,0.3457968000,2.7957958536e+00,
e2,12,1,3.1415096000,8.3053589793e-05,1.048410165
e2,12,2,3.1415096000,8.3053589793e-05,1.108023930
e2,12,3,3.1415096000,8.3053589793e-05,1.229982615
e2,12,4,3.1415096000,8.3053589793e-05,1.080547101
e2,12,5,3.1415096000,8.3053589793e-05,1.047711068
e2,12,6,3.1415096000,8.3053589793e-05,1.186614202
e2,12,7,3.1415096000,8.3053589793e-05,0.904151089
e2,12,8,3.1415096000,8.3053589793e-05,0.666681340
e2,12,9,3.1415096000,8.3053589793e-05,0.603563603
e2,12,10,3.1415096000,8.3053589793e-05,0.592715513
e3,12,1,3.1415728000,1.9853589793e-05,0.004024792
e3,12,2,3.1415728000,1.9853589793e-05,0.003933573
e3,12,3,3.1415728000,1.9853589793e-05,0.004087313
e3,12,4,3.1415728000,1.9853589793e-05,0.003872157
e3,12,5,3.1415728000,1.9853589793e-05,0.003794773
e3,12,6,3.1415728000,1.9853589793e-05,0.004263930
e3,12,7,3.1415728000,1.9853589793e-05,0.003770254
e3,12,8,3.1415728000,1.9853589793e-05,0.003674061
e3,12,9,3.1415728000,1.9853589793e-05,0.003779180
e3,12,10,3.1415728000,1.9853589793e-05,0.003907944
e1,13,1,0.3832584000,2.7583342536e+00,
e1,13,2,0.7527736000,2.3888190536e+00,
e1,13,3,0.4067400000,2.7348526536e+00,
e1,13,4,0.4378160000,2.7037766536e+00,
e1,13,5,0.5983168000,2.5432758536e+00,
e1,13,6,0.8241920000,2.3174006536e+00,
e1,13,7,0.4644088000,2.6771838536e+00,
e1,13,8,0.4793120000,2.6622806536e+00,
e1,13,9,0.7002248000,2.4413678536e+00,
e1,13,10,0.6390104000,2.5025822536e+00,
e2,13,1,3.1415096000,8.3053589793e-05,0.752738726
e2,13,2,3.1415096000,8.3053589793e-05,0.793390160
e2,13,3,3.1415096000,8.3053589793e-05,0.760479991
e2,13,4,3.1415096000,8.3053589793e-05,0.570184216
e2,13,5,3.1415096000,8.3053589793e-05,0.831256705
e2,13,6,3.1415096000,8.3053589793e-05,0.757263731
e2,13,7,3.1415096000,8.3053589793e-05,0.757965995
e2,13,8,3.1415096000,8.3053589793e-05,0.768240914
e2,13,9,3.1415096000,8.3053589793e-05,0.696813382
e2,13,10,3.1415096000,8.3053589793e-05,0.607224762
e3,13,1,3.1420472000,4.5454641021e-04,0.003557313
e3,13,2,3.1420472000,4.5454641021e-04,0.003764241
e3,13,3,3.1420472000,4.5454641021e-04,0.003531542
e3,13,4,3.1420472000,4.5454641021e-04,0.003545362
e3,13,5,3.1420472000,4.5454641021e-04,0.003655991
e3,13,6,3.1420472000,4.5454641021e-04,0.004051950
e3,13,7,3.1420472000,4.5454641021e-04,0.003377032
e3,13,8,3.1420472000,4.5454641021e-04,0.003522874
e3,13,9,3.1420472000,4.5454641021e-04,0.003525348
e3,13,10,3.1420472000,4.5454641021e-04,0.003505827
e1,14,1,0.4228448000,2.7187478536e+00,
e1,14,2,0.3523648000,2.7892278536e+00,
e1,14,3,0.6791216000,2.4624710536e+00,
e1,14,4,0.5493112000,2.5922814536e+00,
e1,14,5,0.3248536000,2.8167390536e+00,
e1,14,6,0.5615584000,2.5800342536e+00,
e1,14,7,0.4826496000,2.6589430536e+00,
e1,14,8,0.3436096000,2.7979830536e+00,
e1,14,9,0.4664608000,2.6751318536e+00,
e1,14,10,0.6769280000,2.4646646536e+00,
e2,14,1,3.1415096000,8.3053589793e-05,0.779453946
e2,14,2,3.1415096000,8.3053589793e-05,0.742067480
e2,14,3,3.1415096000,8.3053589793e-05,0.843572092
e2,14,4,3.1415096000,8.3053589793e-05,0.781878117
e2,14,5,3.1415096000,8.3053589793e-05,0.751142314
e2,14,6,3.1415096000,8.3053589793e-05,0.641835964
e2,14,7,3.1415096000,8.3053589793e-05,0.624241148
e2,14,8,3.1415096000,8.3053589793e-05,0.872864572
e2,14,9,3.1415096000,8.3053589793e-05,0.596042833
e2,14,10,3.1415096000,8.3053589793e-05,0.616537323
e3,14,1,3.1417512000,1.5854641021e-04,0.003533739
e3,14,2,3.1417512000,1.5854641021e-04,0.003733696
e3,14,3,3.1417512000,1.5854641021e-04,0.003468424
e3,14,4,3.1417512000,1.5854641021e-04,0.003512095
e3,14,5,3.1417512000,1.5854641021e-04,0.003483911
e3,14,6,3.1417512000,1.5854641021e-04,0.003526322
e3,14,7,3.1417512000,1.5854641021e-04,0.003365534
e3,14,8,3.1417512000,1.5854641021e-04,0.003388064
e3,14,9,3.1417512000,1.5854641021e-04,0.003740369
e3,14,10,3.1417512000,1.5854641021e-04,0.003463950
e1,15,1,0.7127520000,2.4288406536e+00,
e1,15,2,0.7462000000,2.3953926536e+00,
e1,15,3,0.4495560000,2.6920366536e+00,
e1,15,4,0.7203016000,2.4212910536e+00,
e1,15,5,0.7150056000,2.4265870536e+00,
e1,15,6,0.7034968000,2.4380958536e+00,
e1,15,7,0.3660632000,2.7755294536e+00,
e1,15,8,0.3489472000,2.7926454536e+00,
e1,15,9,0.7193144000,2.4222782536e+00,
e1,15,10,0.7453984000,2.3961942536e+00,
e2,15,1,3.1415096000,8.3053589793e-05,0.579838807
e2,15,2,3.1415096000,8.3053589793e-05,0.608062246
e2,15,3,3.1415096000,8.3053589793e-05,0.855051309
e2,15,4,3.1415096000,8.3053589793e-05,0.915126031
e2,15,5,3.1415096000,8.3053589793e-05,0.901138840
e2,15,6,3.1415096000,8.3053589793e-05,0.853365716
e2,15,7,3.1415096000,8.3053589793e-05,0.859406425
e2,15,8,3.1415096000,8.3053589793e-05,0.625169629
e2,15,9,3.1415096000,8.3053589793e-05,0.652479665
e2,15,10,3.1415096000,8.3053589793e-05,0.802944177
e3,15,1,3.1419336000,3.4094641021e-04,0.003262695
e3,15,2,3.1419336000,3.4094641021e-04,0.003143365
e3,15,3,3.1419336000,3.4094641021e-04,0.003595972
e3,15,4,3.1419336000,3.4094641021e-04,0.003182125
e3,15,5,3.1419336000,3.4094641021e-04,0.003775333
e3,15,6,3.1419336000,3.4094641021e-04,0.003196021
e3,15,7,3.1419336000,3.4094641021e-04,0.003338032
e3,15,8,3.1419336000,3.4094641021e-04,0.003423285
e3,15,9,3.1419336000,3.4094641021e-04,0.003714864
e3,15,10,3.1419336000,3.4094641021e-04,0.003437660
e1,16,1,0.4070864000,2.7345062536e+00,
e1,16,2,0.4171896000,2.7244030536e+00,
e1,16,3,0.4247968000,2.7167958536e+00,
e1,16,4,0.2939600000,2.8476326536e+00,
e1,16,5,0.4680392000,2.6735534536e+00,
e1,16,6,0.2833832000,2.8582094536e+00,
e1,16,7,0.3198304000,2.8217622536e+00,
e1,16,8,0.6941400000,2.4474526536e+00,
e1,16,9,0.4060344000,2.7355582536e+00,
e1,16,10,0.3996128000,2.7419798536e+00,
e2,16,1,3.1415096000,8.3053589793e-05,0.913163406
e2,16,2,3.1415096000,8.3053589793e-05,0.974279494
e2,16,3,3.1415096000,8.3053589793e-05,0.701368564
e2,16,4,3.1415096000,8.3053589793e-05,0.738966825
e2,16,5,3.1415096000,8.3053589793e-05,0.917565714
e2,16,6,3.1415096000,8.3053589793e-05,0.892709334
e2,16,7,3.1415096000,8.3053589793e-05,0.618947532
e2,16,8,3.1415096000,8.3053589793e-05,0.911299587
e2,16,9,3.1415096000,8.3053589793e-05,0.930167009
e2,16,10,3.1415096000,8.3053589793e-05,0.889764105
e3,16,1,3.1418200000,2.2734641021e-04,0.003491926
e3,16,2,3.1418200000,2.2734641021e-04,0.003683779
e3,16,3,3.1418200000,2.2734641021e-04,0.003266180
e3,16,4,3.1418200000,2.2734641021e-04,0.003374953
e3,16,5,3.1418200000,2.2734641021e-04,0.003506079
e3,16,6,3.1418200000,2.2734641021e-04,0.003169267
e3,16,7,3.1418200000,2.2734641021e-04,0.003267616
e3,16,8,3.1418200000,2.2734641021e-04,0.003016207
e3,16,9,3.1418200000,2.2734641021e-04,0.005197362
e3,16,10,3.1418200000,2.2734641021e-04,0.003089794
e1,17,1,0.3525416000,2.7890510536e+00,
e1,17,2,0.7811272000,2.3604654536e+00,
e1,17,3,0.5506400000,2.5909526536e+00,
e1,17,4,0.5452152000,2.5963774536e+00,
e1,17,5,0.2729624000,2.8686302536e+00,
e1,17,6,0.6076856000,2.5339070536e+00,
e1,17,7,0.4272544000,2.7143382536e+00,
e1,17,8,0.2893000000,2.8522926536e+00,
e1,17,9,0.4137240000,2.7278686536e+00,
e1,17,10,0.3876960000,2.7538966536e+00,
e2,17,1,3.1415096000,8.3053589793e-05,0.872375269
e2,17,2,3.1415096000,8.3053589793e-05,0.710072046
e2,17,3,3.1415096000,8.3053589793e-05,1.048855454
e2,17,4,3.1415096000,8.3053589793e-05,0.892037129
e2,17,5,3.1415096000,8.3053589793e-05,1.038831688
e2,17,6,3.1415096000,8.3053589793e-05,0.764964891
e2,17,7,3.1415096000,8.3053589793e-05,0.965274862
e2,17,8,3.1415096000,8.3053589793e-05,1.048866795
e2,17,9,3.1415096000,8.3053589793e-05,1.065241558
e2,17,10,3.1415096000,8.3053589793e-05,1.057348956
e3,17,1,3.1420392000,4.4654641021e-04,0.004082538
e3,17,2,3.1420392000,4.4654641021e-04,0.004203221
e3,17,3,3.1420392000,4.4654641021e-04,0.004901440
e3,17,4,3.1420392000,4.4654641021e-04,0.005437790
e3,17,5,3.1420392000,4.4654641021e-04,0.005340333
e3,17,6,3.1420392000,4.4654641021e-04,0.009237720
e3,17,7,3.1420392000,4.4654641021e-04,0.005019495
e3,17,8,3.1420392000,4.4654641021e-04,0.004412552
e3,17,9,3.1420392000,4.4654641021e-04,0.005843842
e3,17,10,3.1420392000,4.4654641021e-04,0.004298020
e1,18,1,0.4818616000,2.6597310536e+00,
e1,18,2,0.5706304000,2.5709622536e+00,
e1,18,3,0.3048136000,2.8367790536e+00,
e1,18,4,0.4540672000,2.6875254536e+00,
e1,18,5,0.5985240000,2.5430686536e+00,
e1,18,6,0.7547272000,2.3868654536e+00,
e1,18,7,0.3935528000,2.7480398536e+00,
e1,18,8,0.6817896000,2.4598030536e+00,
e1,18,9,0.2299744000,2.9116182536e+00,
e1,18,10,0.7631944000,2.3783982536e+00,
e2,18,1,3.1415096000,8.3053589793e-05,0.854975929
e2,18,2,3.1415096000,8.3053589793e-05,0.733598868
e2,18,3,3.1415096000,8.3053589793e-05,1.035878834
e2,18,4,3.1415096000,8.3053589793e-05,1.122123946
e2,18,5,3.1415096000,8.3053589793e-05,1.069094570
e2,18,6,3.1415096000,8.3053589793e-05,0.823206828
e2,18,7,3.1415096000,8.3053589793e-05,1.114935174
e2,18,8,3.1415096000,8.3053589793e-05,0.749285468
e2,18,9,3.1415096000,8.3053589793e-05,1.073221346
e2,18,10,3.1415096000,8.3053589793e-05,0.756724210
e3,18,1,3.1419104000,3.1774641021e-04,0.003639354
e3,18,2,3.1419104000,3.1774641021e-04,0.003385731
e3,18,3,3.1419104000,3.1774641021e-04,0.004407549
e3,18,4,3.1419104000,3.1774641021e-04,0.006873025
e3,18,5,3.1419104000,3.1774641021e-04,0.004381377
e3,18,6,3.1419104000,3.1774641021e-04,0.004122679
e3,18,7,3.1419104000,3.1774641021e-04,0.003934677
e3,18,8,3.1419104000,3.1774641021e-04,0.004676054
e3,18,9,3.1419104000,3.1774641021e-04,0.005606554
e3,18,10,3.1419104000,3.1774641021e-04,0.004697935
e1,19,1,0.3983720000,2.7432206536e+00,
e1,19,2,0.5038728000,2.6377198536e+00,
e1,19,3,0.3767960000,2.7647966536e+00,
e1,19,4,0.6533768000,2.4882158536e+00,
e1,19,5,0.2660736000,2.8755190536e+00,
e1,19,6,0.6585648000,2.4830278536e+00,
e1,19,7,0.4690096000,2.6725830536e+00,
e1,19,8,0.5330376000,2.6085550536e+00,
e1,19,9,0.2479728000,2.8936198536e+00,
e1,19,10,0.2637040000,2.8778886536e+00,
e2,19,1,3.1415096000,8.3053589793e-05,0.823209360
e2,19,2,3.1415096000,8.3053589793e-05,1.089621609
e2,19,3,3.1415096000,8.3053589793e-05,0.792484264
e2,19,4,3.1415096000,8.3053589793e-05,1.165854163
e2,19,5,3.1415096000,8.3053589793e-05,1.031871936
e2,19,6,3.1415096000,8.3053589793e-05,1.068998620
e2,19,7,3.1415096000,8.3053589793e-05,1.114892205
e2,19,8,3.1415096000,8.3053589793e-05,1.076771208
e2,19,9,3.1415096000,8.3053589793e-05,0.909368309
e2,19,10,3.1415096000,8.3053589793e-05,1.085072192
e3,19,1,3.1418264000,2.3374641021e-04,0.008041269
e3,19,2,3.1418264000,2.3374641021e-04,0.003800745
e3,19,3,3.1418264000,2.3374641021e-04,0.005108954
e3,19,4,3.1418264000,2.3374641021e-04,0.005011276
e3,19,5,3.1418264000,2.3374641021e-04,0.005273090
e3,19,6,3.1418264000,2.3374641021e-04,0.004567713
e3,19,7,3.1418264000,2.3374641021e-04,0.005014521
e3,19,8,3.1418264000,2.3374641021e-04,0.004999130
e3,19,9,3.1418264000,2.3374641021e-04,0.005453574
e3,19,10,3.1418264000,2.3374641021e-04,0.005394074
e1,20,1,0.6260968000,2.5154958536e+00,
e1,20,2,0.5128472000,2.6287454536e+00,
e1,20,3,0.5576400000,2.5839526536e+00,
e1,20,4,0.2729416000,2.8686510536e+00,
e1,20,5,0.3760488000,2.7655438536e+00,
e1,20,6,0.3085624000,2.8330302536e+00,
e1,20,7,0.4003352000,2.7412574536e+00,
e1,20,8,0.4982264000,2.6433662536e+00,
e1,20,9,0.5384640000,2.6031286536e+00,
e1,20,10,0.4040544000,2.7375382536e+00,
e2,20,1,3.1415096000,8.3053589793e-05,1.151057850
e2,20,2,3.1415096000,8.3053589793e-05,1.160981355
e2,20,3,3.1415096000,8.3053589793e-05,1.072304929
e2,20,4,3.1415096000,8.3053589793e-05,1.140473829
e2,20,5,3.1415096000,8.3053589793e-05,0.885185055
e2,20,6,3.1415096000,8.3053589793e-05,0.989244737
e2,20,7,3.1415096000,8.3053589793e-05,1.184881674
e2,20,8,3.1415096000,8.3053589793e-05,1.213668796
e2,20,9,3.1415096000,8.3053589793e-05,0.878982210
e2,20,10,3.1415096000,8.3053589793e-05,1.167025683
e3,20,1,3.1419320000,3.3934641021e-04,0.002885305
e3,20,2,3.1419320000,3.3934641021e-04,0.008663649
e3,20,3,3.1419320000,3.3934641021e-04,0.005112341
e3,20,4,3.1419320000,3.3934641021e-04,0.009444849
e3,20,5,3.1419320000,3.3934641021e-04,0.004867352
e3,20,6,3.1419320000,3.3934641021e-04,0.008575181
e3,20,7,3.1419320000,3.3934641021e-04,0.008659606
e3,20,8,3.1419320000,3.3934641021e-04,0.005553401
e3,20,9,3.1419320000,3.3934641021e-04,0.009259845
e3,20,10,3.1419320000,3.3934641021e-04,0.009176642
e1,21,1,0.5023168000,2.6392758536e+00,
e1,21,2,0.6958232000,2.4457694536e+00,
e1,21,3,0.4036360000,2.7379566536e+00,
e1,21,4,0.5844864000,2.5571062536e+00,
e1,21,5,0.7816984000,2.3598942536e+00,
e1,21,6,0.3134528000,2.8281398536e+00,
e1,21,7,0.5138256000,2.6277670536e+00,
e1,21,8,0.6152648000,2.5263278536e+00,
e1,21,9,0.6015160000,2.5400766536e+00,
e1,21,10,0.4606816000,2.6809110536e+00,
e2,21,1,3.1415096000,8.3053589793e-05,1.186257350
e2,21,2,3.1415096000,8.3053589793e-05,0.942321141
e2,21,3,3.1415096000,8.3053589793e-05,1.050802120
e2,21,4,3.1415096000,8.3053589793e-05,1.265549693
e2,21,5,3.1415096000,8.3053589793e-05,1.234565938
e2,21,6,3.1415096000,8.3053589793e-05,0.957054962
e2,21,7,3.1415096000,8.3053589793e-05,1.136957738
e2,21,8,3.1415096000,8.3053589793e-05,1.230384619
e2,21,9,3.1415096000,8.3053589793e-05,0.980437100
e2,21,10,3.1415096000,8.3053589793e-05,1.326147258
e3,21,1,3.1415032000,8.9453589793e-05,0.006849335
e3,21,2,3.1415032000,8.9453589793e-05,0.006754500
e3,21,3,3.1415032000,8.9453589793e-05,0.008037993
e3,21,4,3.1415032000,8.9453589793e-05,0.004286345
e3,21,5,3.1415032000,8.9453589793e-05,0.006738077
e3,21,6,3.1415032000,8.9453589793e-05,0.005683009
e3,21,7,3.1415032000,8.9453589793e-05,0.006673819
e3,21,8,3.1415032000,8.9453589793e-05,0.006518001
e3,21,9,3.1415032000,8.9453589793e-05,0.006270952
e3,21,10,3.1415032000,8.9453589793e-05,0.006696082
e1,22,1,0.9206144000,2.2209782536e+00,
e1,22,2,0.8798240000,2.2617686536e+00,
e1,22,3,0.3000336000,2.8415590536e+00,
e1,22,4,0.3503264000,2.7912662536e+00,
e1,22,5,0.5026752000,2.6389174536e+00,
e1,22,6,0.4589216000,2.6826710536e+00,
e1,22,7,0.5037216000,2.6378710536e+00,
e1,22,8,0.7020008000,2.4395918536e+00,
e1,22,9,0.4937344000,2.6478582536e+00,
e1,22,10,0.3833856000,2.7582070536e+00,
e2,22,1,3.1415096000,8.3053589793e-05,1.332026938
e2,22,2,3.1415096000,8.3053589793e-05,1.055893311
e2,22,3,3.1415096000,8.3053589793e-05,1.342210884
e2,22,4,3.1415096000,8.3053589793e-05,1.260866907
e2,22,5,3.1415096000,8.3053589793e-05,1.357179663
e2,22,6,3.1415096000,8.3053589793e-05,1.756789338
e2,22,7,3.1415096000,8.3053589793e-05,1.160578382
e2,22,8,3.1415096000,8.3053589793e-05,1.362181033
e2,22,9,3.1415096000,8.3053589793e-05,1.111051931
e2,22,10,3.1415096000,8.3053589793e-05,1.342656425
e3,22,1,3.1413720000,2.2065358979e-04,0.004508569
e3,22,2,3.1413720000,2.2065358979e-04,0.006316155
e3,22,3,3.1413720000,2.2065358979e-04,0.003186061
e3,22,4,3.1413720000,2.2065358979e-04,0.003652187
e3,22,5,3.1413720000,2.2065358979e-04,0.003841110
e3,22,6,3.1413720000,2.2065358979e-04,0.004075662
e3,22,7,3.1413720000,2.2065358979e-04,0.007830072
e3,22,8,3.1413720000,2.2065358979e-04,0.003106202
e3,22,9,3.1413720000,2.2065358979e-04,0.008003707
e3,22,10,3.1413720000,2.2065358979e-04,0.003334268
e1,23,1,0.3588128000,2.7827798536e+00,
e1,23,2,0.4135720000,2.7280206536e+00,
e1,23,3,0.5778760000,2.5637166536e+00,
e1,23,4,0.6418472000,2.4997454536e+00,
e1,23,5,0.5069192000,2.6346734536e+00,
e1,23,6,0.6940272000,2.4475654536e+00,
e1,23,7,0.3635888000,2.7780038536e+00,
e1,23,8,0.4120904000,2.7295022536e+00,
e1,23,9,0.3967328000,2.7448598536e+00,
e1,23,10,0.3533584000,2.7882342536e+00,
e2,23,1,3.1415096000,8.3053589793e-05,1.301910720
e2,23,2,3.1415096000,8.3053589793e-05,1.073209044
e2,23,3,3.1415096000,8.3053589793e-05,1.597199856
e2,23,4,3.1415096000,8.3053589793e-05,1.335982421
e2,23,5,3.1415096000,8.3053589793e-05,1.318414059
e2,23,6,3.1415096000,8.3053589793e-05,1.191593643
e2,23,7,3.1415096000,8.3053589793e-05,0.983160882
e2,23,8,3.1415096000,8.3053589793e-05,1.314930344
e2,23,9,3.1415096000,8.3053589793e-05,1.295093911
e2,23,10,3.1415096000,8.3053589793e-05,1.038471224
e3,23,1,3.1418176000,2.2494641021e-04,0.003513540
e3,23,2,3.1418176000,2.2494641021e-04,0.003782466
e3,23,3,3.1418176000,2.2494641021e-04,0.003530305
e3,23,4,3.1418176000,2.2494641021e-04,0.007565794
e3,23,5,3.1418176000,2.2494641021e-04,0.004610754
e3,23,6,3.1418176000,2.2494641021e-04,0.005488995
e3,23,7,3.1418176000,2.2494641021e-04,0.006817995
e3,23,8,3.1418176000,2.2494641021e-04,0.007825935
e3,23,9,3.1418176000,2.2494641021e-04,0.003266641
e3,23,10,3.1418176000,2.2494641021e-04,0.007175767
e1,24,1,0.4467160000,2.6948766536e+00,
e1,24,2,0.6758464000,2.4657462536e+00,
e1,24,3,0.5310064000,2.6105862536e+00,
e1,24,4,0.7260448000,2.4155478536e+00,
e1,24,5,0.3675848000,2.7740078536e+00,
e1,24,6,0.6151592000,2.5264334536e+00,
e1,24,7,0.3188352000,2.8227574536e+00,
e1,24,8,0.6679944000,2.4735982536e+00,
e1,24,9,0.2946728000,2.8469198536e+00,
e1,24,10,0.5531168000,2.5884758536e+00,
e2,24,1,3.1415096000,8.3053589793e-05,1.387244404
e2,24,2,3.1415096000,8.3053589793e-05,1.433339161
e2,24,3,3.1415096000,8.3053589793e-05,1.143267732
e2,24,4,3.1415096000,8.3053589793e-05,1.380526676
e2,24,5,3.1415096000,8.3053589793e-05,1.367685906
e2,24,6,3.1415096000,8.3053589793e-05,1.391489915
e2,24,7,3.1415096000,8.3053589793e-05,0.964847577
e2,24,8,3.1415096000,8.3053589793e-05,1.236316697
e2,24,9,3.1415096000,8.3053589793e-05,1.349158899
e2,24,10,3.1415096000,8.3053589793e-05,1.425237253
e3,24,1,3.1418608000,2.6814641021e-04,0.006555358
e3,24,2,3.1418608000,2.6814641021e-04,0.002868273
e3,24,3,3.1418608000,2.6814641021e-04,0.005471898
e3,24,4,3.1418608000,2.6814641021e-04,0.003015952
e3,24,5,3.1418608000,2.6814641021e-04,0.002912023
e3,24,6,3.1418608000,2.6814641021e-04,0.003595661
e3,24,7,3.1418608000,2.6814641021e-04,0.003088402
e3,24,8,3.1418608000,2.6814641021e-04,0.002752555
e3,24,9,3.1418608000,2.6814641021e-04,0.006186392
e3,24,10,3.1418608000,2.6814641021e-04,0.006673101
e1,25,1,0.4717168000,2.6698758536e+00,
e1,25,2,0.2460696000,2.8955230536e+00,
e1,25,3,0.3447480000,2.7968446536e+00,
e1,25,4,0.3024600000,2.8391326536e+00,
e1,25,5,0.4555384000,2.6860542536e+00,
e1,25,6,0.3270600000,2.8145326536e+00,
e1,25,7,0.3767080000,2.7648846536e+00,
e1,25,8,0.3639632000,2.7776294536e+00,
e1,25,9,0.5580232000,2.5835694536e+00,
e1,25,10,0.3065888000,2.8350038536e+00,
e2,25,1,3.1415096000,8.3053589793e-05,1.249999284
e2,25,2,3.1415096000,8.3053589793e-05,1.393293379
e2,25,3,3.1415096000,8.3053589793e-05,1.463958650
e2,25,4,3.1415096000,8.3053589793e-05,1.415876767
e2,25,5,3.1415096000,8.3053589793e-05,1.459449022
e2,25,6,3.1415096000,8.3053589793e-05,1.091873433
e2,25,7,3.1415096000,8.3053589793e-05,1.407320967
e2,25,8,3.1415096000,8.3053589793e-05,1.453063763
e2,25,9,3.1415096000,8.3053589793e-05,1.374375663
e2,25,10,3.1415096000,8.3053589793e-05,1.418107919
e3,25,1,3.1416072000,1.4546410207e-05,0.008336623
e3,25,2,3.1416072000,1.4546410207e-05,0.008790690
e3,25,3,3.1416072000,1.4546410207e-05,0.003485468
e3,25,4,3.1416072000,1.4546410207e-05,0.005836333
e3,25,5,3.1416072000,1.4546410207e-05,0.007605304
e3,25,6,3.1416072000,1.4546410207e-05,0.009712014
e3,25,7,3.1416072000,1.4546410207e-05,0.004228405
e3,25,8,3.1416072000,1.4546410207e-05,0.006425925
e3,25,9,3.1416072000,1.4546410207e-05,0.003840193
e3,25,10,3.1416072000,1.4546410207e-05,0.003688636
e1,26,1,0.7309216000,2.4106710536e+00,
e1,26,2,0.4214312000,2.7201614536e+00,
e1,26,3,0.3029168000,2.8386758536e+00,
e1,26,4,0.4536632000,2.6879294536e+00,
e1,26,5,0.4671560000,2.6744366536e+00,
e1,26,6,0.5511000000,2.5904926536e+00,
e1,26,7,0.4314384000,2.7101542536e+00,
e1,26,8,0.5808912000,2.5607014536e+00,
e1,26,9,0.4495144000,2.6920782536e+00,
e1,26,10,0.7618424000,2.3797502536e+00,
e2,26,1,3.1415096000,8.3053589793e-05,1.451870848
e2,26,2,3.1415096000,8.3053589793e-05,1.457846459
e2,26,3,3.1415096000,8.3053589793e-05,1.222487302
e2,26,4,3.1415096000,8.3053589793e-05,1.662298733
e2,26,5,3.1415096000,8.3053589793e-05,1.408119904
e2,26,6,3.1415096000,8.3053589793e-05,1.694213908
e2,26,7,3.1415096000,8.3053589793e-05,1.685575931
e2,26,8,3.1415096000,8.3053589793e-05,1.487317689
e2,26,9,3.1415096000,8.3053589793e-05,1.508872059
e2,26,10,3.1415096000,8.3053589793e-05,1.185542211
e3,26,1,3.1418704000,2.7774641021e-04,0.007207762
e3,26,2,3.1418704000,2.7774641021e-04,0.003704663
e3,26,3,3.1418704000,2.7774641021e-04,0.005041541
e3,26,4,3.1418704000,2.7774641021e-04,0.005955637
e3,26,5,3.1418704000,2.7774641021e-04,0.002752397
e3,26,6,3.1418704000,2.7774641021e-04,0.009691812
e3,26,7,3.1418704000,2.7774641021e-04,0.009179105
e3,26,8,3.1418704000,2.7774641021e-04,0.007956463
e3,26,9,3.1418704000,2.7774641021e-04,0.007199519
e3,26,10,3.1418704000,2.7774641021e-04,0.006361634
e1,27,1,0.3378720000,2.8037206536e+00,
e1,27,2,0.3161992000,2.8253934536e+00,
e1,27,3,0.3385352000,2.8030574536e+00,
e1,27,4,0.3048000000,2.8367926536e+00,
e1,27,5,0.6871104000,2.4544822536e+00,
e1,27,6,0.3796624000,2.7619302536e+00,
e1,27,7,0.4864024000,2.6551902536e+00,
e1,27,8,0.4428384000,2.6987542536e+00,
e1,27,9,0.5088560000,2.6327366536e+00,
e1,27,10,0.5702136000,2.5713790536e+00,
e2,27,1,3.1415096000,8.3053589793e-05,1.296315772
e2,27,2,3.1415096000,8.3053589793e-05,1.087610924
e2,27,3,3.1415096000,8.3053589793e-05,1.206690908
e2,27,4,3.1415096000,8.3053589793e-05,1.075212119
e2,27,5,3.1415096000,8.3053589793e-05,1.048448929
e2,27,6,3.1415096000,8.3053589793e-05,1.509188857
e2,27,7,3.1415096000,8.3053589793e-05,1.087421514
e2,27,8,3.1415096000,8.3053589793e-05,1.424671402
e2,27,9,3.1415096000,8.3053589793e-05,1.269529945
e2,27,10,3.1415096000,8.3053589793e-05,1.426961059
e3,27,1,3.1419024000,3.0974641021e-04,0.008909131
e3,27,2,3.1419024000,3.0974641021e-04,0.006164813
e3,27,3,3.1419024000,3.0974641021e-04,0.006359528
e3,27,4,3.1419024000,3.0974641021e-04,0.006505828
e3,27,5,3.1419024000,3.0974641021e-04,0.007003693
e3,27,6,3.1419024000,3.0974641021e-04,0.008177620
e3,27,7,3.1419024000,3.0974641021e-04,0.009268515
e3,27,8,3.1419024000,3.0974641021e-04,0.005335324
e3,27,9,3.1419024000,3.0974641021e-04,0.009681087
e3,27,10,3.1419024000,3.0974641021e-04,0.006293381
e1,28,1,0.3733392000,2.7682534536e+00,
e1,28,2,0.3910488000,2.7505438536e+00,
e1,28,3,0.5102576000,2.6313350536e+00,
e1,28,4,0.4117368000,2.7298558536e+00,
e1,28,5,0.3907624000,2.7508302536e+00,
e1,28,6,0.4840064000,2.6575862536e+00,
e1,28,7,0.5380032000,2.6035894536e+00,
e1,28,8,0.5515736000,2.5900190536e+00,
e1,28,9,0.3476832000,2.7939094536e+00,
e1,28,10,0.4797832000,2.6618094536e+00,
e2,28,1,3.1415096000,8.3053589793e-05,1.427153168
e2,28,2,3.1415096000,8.3053589793e-05,1.041014572
e2,28,3,3.1415096000,8.3053589793e-05,0.996477649
e2,28,4,3.1415096000,8.3053589793e-05,1.296622588
e2,28,5,3.1415096000,8.3053589793e-05,1.401808745
e2,28,6,3.1415096000,8.3053589793e-05,1.318803816
e2,28,7,3.1415096000,8.3053589793e-05,1.146822411
e2,28,8,3.1415096000,8.3053589793e-05,1.074444213
e2,28,9,3.1415096000,8.3053589793e-05,1.046189259
e2,28,10,3.1415096000,8.3053589793e-05,1.409932372
e3,28,1,3.1415928000,1.4641020707e-07,0.012615568
e3,28,2,3.1415928000,1.4641020707e-07,0.009759588
e3,28,3,3.1415928000,1.4641020707e-07,0.005479604
e3,28,4,3.1415928000,1.4641020707e-07,0.009448496
e3,28,5,3.1415928000,1.4641020707e-07,0.009950202
e3,28,6,3.1415928000,1.4641020707e-07,0.011612691
e3,28,7,3.1415928000,1.4641020707e-07,0.005018851
e3,28,8,3.1415928000,1.4641020707e-07,0.007199090
e3,28,9,3.1415928000,1.4641020707e-07,0.009411254
e3,28,10,3.1415928000,1.4641020707e-07,0.006234249
